cmd,time,pwmL,pwmR,encL,encR
5,23158,0,0,0,0
5,23168,0,0,0,0
5,23178,0,0,0,0
5,23188,2,2,0,0
5,23198,2,2,0,0
5,23208,4,4,0,0
5,23218,4,4,0,0
5,23228,6,6,0,0
5,23238,6,6,0,0
5,23248,8,8,0,0
5,23258,8,8,0,0
5,23268,10,10,0,0
5,23278,10,10,0,0
5,23288,12,12,0,0
5,23298,12,12,0,0
5,23308,14,14,0,0
5,23318,14,14,0,0
5,23328,16,16,0,0
5,23339,16,16,0,0
5,23349,18,18,0,0
5,23359,18,18,0,1
5,23369,20,20,0,1
5,23379,20,20,0,1
5,23389,22,22,0,2
5,23399,22,22,0,2
5,23409,24,24,0,3
5,23419,24,24,0,3
5,23429,24,24,0,4
5,23439,26,26,0,4
5,23449,26,26,0,5
5,23459,28,28,1,6
5,23469,28,28,1,6
5,23479,30,30,2,7
5,23489,30,30,2,8
5,23499,32,32,3,9
5,23510,32,32,3,9
5,23520,34,34,4,10
5,23530,34,34,5,11
5,23540,36,36,6,13
5,23550,36,36,7,14
5,23560,38,38,8,15
5,23570,38,38,9,16
5,23580,40,40,10,17
5,23590,40,40,11,19
5,23600,42,42,13,20
5,23610,42,42,15,22
5,23620,44,44,16,24
5,23630,44,44,18,26
5,23640,46,46,20,28
5,23650,46,46,22,31
5,23660,48,48,24,33
5,23670,48,48,26,36
5,23680,51,51,28,38
5,23690,51,51,31,41
5,23700,53,53,33,44
5,23710,53,53,36,47
5,23720,55,55,39,51
5,23730,55,55,42,54
5,23740,57,57,44,57
5,23750,57,57,48,61
5,23760,59,59,51,64
5,23770,59,59,54,68
5,23780,61,61,57,72
5,23790,61,61,61,75
5,23800,63,63,64,79
5,23810,63,63,69,83
5,23820,65,65,73,87
5,23830,65,65,75,92
5,23840,67,67,80,96
5,23851,67,67,84,101
5,23861,69,69,88,105
5,23871,69,69,91,109
5,23881,71,71,96,113
5,23891,71,71,100,118
5,23901,73,73,104,122
5,23911,73,73,109,127
5,23921,73,73,114,132
5,23931,75,75,118,137
5,23941,75,75,123,141
5,23951,77,77,127,146
5,23961,77,77,132,151
5,23971,79,79,137,156
5,23981,79,79,142,161
5,23991,81,81,147,166
5,24001,81,81,152,171
5,24011,83,83,157,176
5,24022,83,83,162,182
5,24032,85,85,169,187
5,24042,87,87,174,192
5,24052,87,87,179,198
5,24062,89,89,185,203
5,24072,89,89,189,208
5,24082,89,89,195,214
5,24092,91,91,200,219
5,24102,91,91,205,225
5,24112,93,93,210,230
5,24122,93,93,216,235
5,24132,95,95,221,241
5,24142,95,95,226,246
5,24152,97,97,231,251
5,24162,97,97,238,257
5,24172,100,100,244,262
5,24182,100,100,250,267
5,24192,100,100,255,272
5,24202,100,100,262,276
5,24212,100,100,268,282
5,24222,100,100,277,287
5,24232,100,100,282,293
5,24242,100,100,287,298
5,24252,100,100,294,304
5,24262,100,100,302,310
5,24272,100,100,308,314
5,24282,100,100,315,320
5,24292,100,100,321,325
5,24302,100,100,327,331
5,24312,99,99,333,337
5,24322,99,99,338,342
5,24332,99,99,344,348
5,24342,99,99,350,354
5,24352,99,99,356,360
5,24363,99,99,361,366
5,24373,99,99,367,372
5,24383,99,99,373,378
5,24393,99,99,379,383
5,24403,99,99,385,389
5,24413,99,99,390,395
5,24423,99,99,396,399
5,24433,99,99,402,405
5,24443,99,99,408,411
5,24453,99,99,413,416
5,24463,99,99,419,422
5,24473,99,99,425,428
5,24483,99,99,430,433
5,24493,99,99,436,438
5,24503,99,99,441,444
5,24513,99,99,447,450
5,24523,99,99,452,455
5,24534,99,99,460,461
5,24544,99,99,467,467
5,24554,99,99,472,473
5,24564,99,99,478,478
5,24574,99,99,484,484
5,24584,99,99,489,489
5,24594,99,99,495,495
5,24604,99,99,501,501
5,24614,99,99,506,506
5,24624,99,99,511,512
5,24634,99,99,518,517
5,24644,99,99,524,523
5,24654,99,99,529,529
5,24664,99,99,534,534
5,24674,99,99,540,540
5,24684,99,99,547,546
5,24694,99,99,553,551
5,24704,99,99,558,557
5,24714,99,99,564,562
5,24724,99,99,570,568
5,24734,99,99,575,574
5,24744,99,99,582,579
5,24754,99,99,587,584
5,24764,99,99,593,590
5,24774,99,99,599,596
5,24784,99,99,605,601
5,24794,99,99,610,606
5,24804,99,99,617,611
5,24814,99,99,622,617
5,24824,99,99,628,623
5,24834,99,99,635,628
5,24844,99,99,640,634
5,24854,99,99,646,640
5,24864,99,99,652,646
5,24875,99,99,658,651
5,24885,99,99,663,657
5,24895,99,99,669,663
5,24905,99,99,678,668
5,24915,99,99,683,673
5,24925,99,99,689,678
5,24935,99,99,695,684
5,24945,99,99,701,690
5,24955,99,99,707,695
5,24965,99,99,713,701
5,24975,99,99,719,706
5,24985,98,98,726,712
5,24995,98,98,731,718
5,25005,98,98,736,723
5,25015,98,98,742,728
5,25025,98,98,749,735
5,25035,98,98,756,741
5,25046,98,98,762,747
5,25056,98,98,770,752
5,25066,98,98,777,758
5,25076,98,98,782,764
5,25086,98,98,788,769
5,25096,98,98,793,775
5,25106,98,98,800,780
5,25116,98,98,806,786
5,25126,98,98,812,792
5,25136,98,98,818,797
5,25146,98,98,825,802
5,25156,98,98,831,808
5,25166,97,97,838,814
5,25176,97,97,843,819
5,25186,97,97,850,825
5,25196,97,97,856,831
5,25206,97,97,861,837
5,25216,97,97,867,842
5,25226,97,97,874,847
5,25236,97,97,880,853
5,25246,97,97,886,858
5,25256,97,97,894,864
5,25266,97,97,901,868
5,25276,97,97,907,874
5,25286,96,96,912,880
5,25296,96,96,918,886
5,25306,96,96,924,891
5,25316,96,96,931,897
5,25326,96,96,937,903
5,25336,96,96,943,908
5,25346,96,96,948,913
5,25356,96,96,954,919
5,25366,96,96,961,924
5,25376,96,96,966,930
5,25387,95,95,973,934
5,25397,95,95,978,940
5,25407,95,95,984,946
5,25417,95,95,989,952
5,25427,95,95,995,957
5,25437,95,95,1002,962
5,25447,95,95,1007,967
5,25457,95,95,1013,973
5,25467,94,94,1018,979
5,25477,94,94,1024,984
5,25487,94,94,1031,990
5,25497,94,94,1037,996
5,25507,94,94,1044,1000
5,25517,94,94,1049,1006
5,25527,94,94,1056,1011
5,25537,94,94,1064,1017
5,25547,93,93,1069,1023
5,25558,93,93,1075,1029
5,25568,93,93,1082,1035
5,25578,93,93,1089,1041
5,25588,93,93,1094,1047
5,25598,93,93,1100,1053
5,25608,92,92,1105,1058
5,25618,92,92,1111,1064
5,25628,92,92,1117,1069
5,25638,92,92,1124,1074
5,25648,92,92,1129,1079
5,25658,92,92,1135,1085
5,25668,91,91,1143,1091
5,25678,91,91,1148,1096
5,25688,91,91,1155,1102
5,25698,91,91,1161,1107
5,25708,90,90,1166,1113
5,25718,90,90,1173,1118
5,25728,90,90,1178,1123
5,25738,90,90,1185,1129
5,25748,90,90,1191,1136
5,25758,89,89,1197,1141
5,25768,89,89,1204,1146
5,25778,89,89,1209,1151
5,25788,89,89,1215,1157
5,25798,89,89,1220,1163
5,25808,88,88,1226,1168
5,25818,88,88,1231,1174
5,25828,88,88,1238,1178
5,25838,88,88,1243,1184
5,25848,87,87,1251,1190
5,25858,87,87,1257,1195
5,25868,87,87,1262,1201
5,25878,87,87,1268,1206
5,25888,86,86,1274,1212
5,25899,86,86,1279,1218
5,25909,86,86,1286,1224
5,25919,85,85,1292,1229
5,25929,85,85,1298,1235
5,25939,84,84,1304,1240
5,25949,84,84,1309,1245
5,25959,84,84,1316,1251
5,25969,84,84,1322,1256
5,25979,83,83,1328,1262
5,25989,83,83,1333,1267
5,25999,83,83,1338,1273
5,26009,83,83,1345,1277
5,26019,83,83,1350,1283
5,26029,82,82,1355,1288
5,26039,82,82,1361,1294
5,26049,81,81,1366,1299
5,26059,81,81,1372,1305
5,26070,81,81,1377,1310
5,26080,80,80,1383,1316
5,26090,80,80,1388,1322
5,26100,79,79,1394,1327
5,26110,79,79,1399,1333
5,26120,78,78,1405,1337
5,26130,78,78,1411,1343
5,26140,78,78,1418,1348
5,26150,78,78,1424,1354
5,26160,77,77,1429,1359
5,26170,77,77,1434,1364
5,26180,76,76,1440,1370
5,26190,76,76,1445,1375
5,26200,75,75,1450,1380
5,26210,75,75,1455,1386
5,26220,74,74,1461,1391
5,26230,74,74,1467,1397
5,26240,74,74,1472,1401
5,26250,74,74,1477,1407
5,26260,73,73,1482,1413
5,26270,73,73,1487,1418
5,26280,72,72,1493,1424
5,26290,72,72,1497,1428
5,26300,71,71,1503,1434
5,26310,71,71,1509,1438
5,26320,70,70,1514,1444
5,26330,70,70,1519,1449
5,26340,69,69,1525,1453
5,26350,69,69,1531,1459
5,26360,68,68,1538,1464
5,26370,68,68,1543,1469
5,26380,67,67,1548,1474
5,26390,67,67,1553,1480
5,26400,66,66,1559,1485
5,26411,66,66,1565,1491
5,26421,65,65,1571,1496
5,26431,65,65,1578,1499
5,26441,64,64,1584,1504
5,26451,64,64,1589,1509
5,26461,63,63,1595,1514
5,26471,63,63,1601,1519
5,26481,62,62,1606,1524
5,26491,62,62,1611,1529
5,26501,61,61,1616,1534
5,26511,61,61,1621,1539
5,26521,59,59,1626,1545
5,26531,59,59,1631,1550
5,26541,58,58,1637,1555
5,26551,58,58,1643,1560
5,26561,57,57,1648,1565
5,26571,57,57,1653,1570
5,26582,56,56,1658,1575
5,26592,56,56,1663,1580
5,26602,55,55,1668,1585
5,26612,55,55,1673,1590
5,26622,53,53,1678,1595
5,26632,53,53,1682,1600
5,26642,52,52,1687,1605
5,26652,52,52,1692,1610
5,26662,51,51,1697,1615
5,26672,51,51,1701,1619
5,26682,49,49,1705,1624
5,26692,49,49,1710,1629
5,26702,48,48,1714,1634
5,26712,48,48,1719,1638
5,26722,47,47,1723,1643
5,26732,47,47,1728,1648
5,26742,45,45,1732,1653
5,26752,45,45,1736,1658
5,26762,44,44,1741,1662
5,26772,44,44,1746,1666
5,26782,43,43,1750,1671
5,26792,43,43,1754,1676
5,26802,41,41,1758,1680
5,26812,41,41,1762,1685
5,26822,40,40,1767,1689
5,26832,40,40,1771,1694
5,26842,38,38,1775,1698
5,26852,38,38,1779,1702
5,26862,37,37,1783,1705
5,26872,37,37,1787,1709
5,26882,35,35,1791,1713
5,26892,35,35,1795,1717
5,26902,33,33,1799,1721
5,26912,33,33,1803,1726
5,26923,32,32,1806,1730
5,26933,32,32,1810,1734
5,26943,30,30,1814,1738
5,26953,30,30,1818,1742
5,26963,29,29,1822,1746
5,26973,29,29,1825,1749
5,26983,27,27,1829,1753
5,26993,27,27,1833,1757
5,27003,25,25,1836,1761
5,27013,25,25,1840,1764
5,27023,24,24,1843,1767
5,27033,24,24,1847,1771
5,27043,22,22,1850,1774
5,27053,22,22,1853,1777
5,27063,20,20,1856,1781
5,27073,20,20,1860,1784
5,27083,19,19,1863,1787
5,27094,19,19,1866,1790
5,27104,17,17,1869,1793
5,27114,17,17,1872,1796
5,27124,15,15,1874,1800
5,27134,15,15,1877,1802
5,27144,13,13,1880,1805
5,27154,13,13,1882,1808
5,27164,12,12,1885,1810
5,27174,12,12,1887,1813
5,27184,10,10,1889,1815
5,27194,10,10,1891,1818
5,27204,8,8,1893,1820
5,27214,8,8,1895,1822
5,27224,6,6,1897,1824
5,27234,6,6,1899,1826
5,27244,4,4,1900,1828
5,27254,4,4,1902,1830
5,27264,2,2,1903,1831
5,27274,2,2,1904,1833
5,27284,1,1,1906,1835
5,27294,1,1,1907,1836
5,27304,0,0,1908,1837
5,27314,0,0,1909,1838
5,27324,-2,-2,1909,1839
5,27334,-2,-2,1910,1839
5,27344,-4,-4,1910,1840
5,27354,-4,-4,1911,1841
5,27364,-6,-6,1911,1841
5,27374,-6,-6,1911,1841
5,27384,-8,-8,1911,1841
5,27394,-8,-8,1911,1841
5,27404,-10,-10,1911,1841
5,27414,-10,-10,1911,1841
5,27424,-12,-12,1911,1841
5,27435,-14,-14,1910,1841
5,27445,-14,-14,1910,1841
5,27455,-16,-16,1910,1840
5,27465,-16,-16,1910,1840
5,27475,-18,-18,1910,1840
5,27485,-18,-18,1910,1839
5,27495,-18,-18,1910,1838
5,27505,-20,-20,1910,1838
5,27515,-22,-22,1909,1837
5,27525,-22,-22,1909,1836
5,27535,-22,-22,1908,1835
5,27545,-23,-23,1907,1834
5,27555,-23,-23,1906,1833
5,27565,-25,-25,1906,1832
5,27575,-25,-25,1905,1832
5,27585,-27,-27,1904,1831
5,27595,-27,-27,1903,1830
5,27606,-29,-29,1902,1829
5,27616,-31,-31,1901,1828
5,27626,-31,-31,1899,1827
5,27636,-33,-33,1898,1826
5,27646,-33,-33,1897,1825
5,27656,-35,-35,1896,1824
5,27666,-35,-35,1895,1822
5,27676,-37,-37,1894,1821
5,27686,-37,-37,1892,1819
5,27696,-39,-39,1891,1818
5,27706,-39,-39,1890,1816
5,27716,-41,-41,1888,1813
5,27726,-41,-41,1886,1811
5,27736,-43,-43,1884,1809
5,27746,-43,-43,1881,1807
5,27756,-43,-43,1879,1804
5,27766,-45,-45,1876,1802
5,27776,-47,-47,1874,1800
5,27786,-47,-47,1872,1797
5,27796,-49,-49,1869,1794
5,27806,-49,-49,1866,1791
5,27816,-51,-51,1863,1788
5,27826,-51,-51,1860,1785
5,27836,-52,-52,1857,1782
5,27846,-52,-52,1854,1779
5,27856,-54,-54,1850,1775
5,27866,-54,-54,1847,1772
5,27876,-56,-56,1844,1768
5,27886,-56,-56,1840,1765
5,27896,-58,-58,1836,1763
5,27906,-58,-58,1833,1759
5,27916,-58,-58,1829,1755
5,27926,-60,-60,1825,1751
5,27936,-60,-60,1821,1747
5,27947,-61,-61,1816,1744
5,27957,-63,-63,1812,1740
5,27967,-63,-63,1808,1736
5,27977,-65,-65,1804,1732
5,27987,-65,-65,1799,1727
5,27997,-67,-67,1795,1723
5,28007,-67,-67,1791,1719
5,28017,-68,-68,1786,1716
5,28027,-68,-68,1782,1711
5,28037,-70,-70,1777,1706
5,28047,-70,-70,1773,1702
5,28057,-72,-72,1768,1697
5,28067,-72,-72,1763,1692
5,28077,-73,-73,1759,1688
5,28087,-73,-73,1754,1683
5,28097,-75,-75,1749,1678
5,28107,-75,-75,1744,1673
5,28118,-76,-76,1739,1669
5,28128,-76,-76,1734,1664
5,28138,-78,-78,1729,1659
5,28148,-78,-78,1724,1654
5,28158,-79,-79,1719,1649
5,28168,-79,-79,1715,1644
5,28178,-81,-81,1710,1639
5,28188,-81,-81,1704,1634
5,28198,-82,-82,1699,1628
5,28208,-82,-82,1695,1624
5,28218,-83,-83,1689,1618
5,28228,-83,-83,1684,1610
5,28238,-85,-85,1679,1605
5,28248,-85,-85,1674,1600
5,28258,-86,-86,1669,1595
5,28268,-86,-86,1663,1590
5,28278,-87,-87,1658,1582
5,28288,-87,-87,1653,1578
5,28298,-88,-88,1648,1572
5,28308,-88,-88,1643,1566
5,28318,-89,-89,1637,1561
5,28328,-89,-89,1632,1555
5,28338,-90,-90,1627,1549
5,28348,-90,-90,1621,1544
5,28358,-91,-91,1616,1539
5,28368,-91,-91,1610,1533
5,28378,-92,-92,1605,1528
5,28388,-92,-92,1600,1523
5,28398,-93,-93,1594,1517
5,28408,-93,-93,1589,1512
5,28418,-94,-94,1584,1507
5,28428,-94,-94,1578,1501
5,28438,-95,-95,1572,1496
5,28448,-95,-95,1567,1491
5,28459,-96,-96,1561,1485
5,28469,-96,-96,1555,1480
5,28479,-96,-96,1550,1474
5,28489,-96,-96,1544,1469
5,28499,-97,-97,1538,1463
5,28509,-97,-97,1533,1458
5,28519,-97,-97,1528,1453
5,28529,-97,-97,1522,1447
5,28539,-98,-98,1516,1442
5,28549,-98,-98,1511,1437
5,28559,-98,-98,1506,1432
5,28569,-98,-98,1500,1426
5,28579,-99,-99,1495,1421
5,28589,-99,-99,1490,1416
5,28599,-99,-99,1484,1410
5,28609,-99,-99,1478,1404
5,28619,-99,-99,1473,1399
5,28630,-99,-99,1467,1393
5,28640,-99,-99,1461,1386
5,28650,-99,-99,1455,1380
5,28660,-99,-99,1450,1375
5,28670,-99,-99,1444,1369
5,28680,-100,-100,1439,1364
5,28690,-100,-100,1433,1359
5,28700,-99,-99,1427,1353
5,28710,-99,-99,1421,1348
5,28720,-99,-99,1416,1342
5,28730,-99,-99,1410,1337
5,28740,-99,-99,1405,1331
5,28750,-99,-99,1399,1326
5,28760,-99,-99,1394,1321
5,28770,-99,-99,1388,1315
5,28780,-99,-99,1382,1306
5,28790,-99,-99,1376,1301
5,28800,-98,-98,1371,1296
5,28810,-98,-98,1365,1290
5,28820,-98,-98,1359,1284
5,28830,-98,-98,1353,1279
5,28840,-97,-97,1348,1273
5,28850,-97,-97,1342,1268
5,28860,-96,-96,1337,1263
5,28870,-96,-96,1331,1257
5,28880,-96,-96,1325,1251
5,28890,-96,-96,1320,1246
5,28900,-95,-95,1314,1241
5,28910,-95,-95,1308,1235
5,28920,-94,-94,1303,1230
5,28930,-94,-94,1298,1225
5,28940,-93,-93,1292,1219
5,28950,-93,-93,1287,1214
5,28960,-92,-92,1281,1207
5,28971,-92,-92,1275,1201
5,28981,-91,-91,1270,1196
5,28991,-90,-90,1264,1189
5,29001,-90,-90,1259,1184
5,29011,-89,-89,1253,1178
5,29021,-89,-89,1248,1173
5,29031,-89,-89,1242,1168
5,29041,-87,-87,1237,1161
5,29051,-87,-87,1231,1156
5,29061,-86,-86,1226,1151
5,29071,-86,-86,1221,1146
5,29081,-84,-84,1215,1140
5,29091,-84,-84,1210,1135
5,29101,-83,-83,1205,1130
5,29111,-83,-83,1200,1125
5,29121,-81,-81,1194,1119
5,29131,-81,-81,1189,1114
5,29142,-79,-79,1183,1109
5,29152,-79,-79,1178,1103
5,29162,-79,-79,1172,1098
5,29172,-78,-78,1167,1091
5,29182,-78,-78,1161,1086
5,29192,-76,-76,1156,1081
5,29202,-76,-76,1151,1076
5,29212,-74,-74,1145,1070
5,29222,-72,-72,1140,1065
5,29232,-72,-72,1135,1059
5,29242,-70,-70,1130,1054
5,29252,-70,-70,1125,1048
5,29262,-68,-68,1119,1043
5,29272,-68,-68,1115,1038
5,29282,-65,-65,1109,1033
5,29292,-65,-65,1104,1028
5,29302,-63,-63,1099,1023
5,29312,-63,-63,1094,1018
5,29322,-63,-63,1089,1013
5,29332,-61,-61,1084,1008
5,29342,-61,-61,1079,1003
5,29352,-58,-58,1074,998
5,29362,-58,-58,1069,993
5,29372,-56,-56,1064,987
5,29382,-56,-56,1059,982
5,29392,-53,-53,1055,977
5,29402,-51,-51,1050,972
5,29412,-51,-51,1045,967
5,29422,-48,-48,1040,962
5,29432,-48,-48,1036,957
5,29442,-45,-45,1031,953
5,29452,-45,-45,1027,948
5,29462,-42,-42,1022,944
5,29472,-42,-42,1017,939
5,29483,-40,-40,1013,934
5,29493,-40,-40,1008,930
5,29503,-37,-37,1004,925
5,29513,-37,-37,999,921
5,29523,-34,-34,995,916
5,29533,-34,-34,991,912
5,29543,-31,-31,987,908
5,29553,-31,-31,983,903
5,29563,-28,-28,979,899
5,29573,-28,-28,975,896
5,29583,-25,-25,972,892
5,29593,-25,-25,968,888
5,29603,-22,-22,964,884
5,29613,-22,-22,961,881
5,29623,-19,-19,957,877
5,29633,-19,-19,954,873
5,29643,-16,-16,950,870
5,29654,-16,-16,947,866
5,29664,-12,-12,944,862
5,29674,-12,-12,941,859
5,29684,-9,-9,937,856
5,29694,-9,-9,934,853
5,29704,-6,-6,932,850
5,29714,-6,-6,929,847
5,29724,-3,-3,926,844
5,29734,-3,-3,924,841
5,29744,0,0,921,839
5,29754,0,0,919,837
5,29764,3,3,916,834
5,29774,3,3,914,832
5,29784,6,6,912,830
5,29794,6,6,910,828
5,29804,9,9,909,827
5,29814,9,9,907,825
5,29824,13,13,906,824
5,29834,13,13,904,823
5,29844,16,16,903,822
5,29854,16,16,903,822
5,29864,19,19,902,821
5,29874,19,19,902,821
5,29884,22,22,902,821
5,29894,22,22,902,821
5,29904,26,26,902,822
5,29914,26,26,903,822
5,29924,29,29,903,823
5,29934,29,29,904,823
5,29944,32,32,905,824
5,29954,32,32,906,825
5,29964,35,35,907,826
5,29974,35,35,909,827
5,29984,38,38,910,828
5,29995,38,38,911,829
5,30005,41,41,913,831
5,30015,41,41,914,833
5,30025,44,44,916,835
5,30035,44,44,918,837
5,30045,48,48,920,839
5,30055,48,48,922,842
5,30065,50,50,924,844
5,30075,50,50,927,847
5,30085,53,53,930,850
5,30095,53,53,933,853
5,30105,56,56,935,856
5,30115,56,56,939,859
5,30125,59,59,941,862
5,30135,59,59,945,866
5,30145,62,62,948,870
5,30155,62,62,952,873
5,30166,65,65,955,877
5,30176,65,65,959,881
5,30186,67,67,963,885
5,30196,67,67,967,889
5,30206,70,70,971,892
5,30216,70,70,975,896
5,30226,72,72,979,901
5,30236,72,72,983,905
5,30246,75,75,988,910
5,30256,75,75,992,914
5,30266,77,77,998,918
5,30276,77,77,1003,922
5,30286,79,79,1008,927
5,30296,79,79,1013,931
5,30306,81,81,1019,937
5,30316,81,81,1025,942
5,30326,83,83,1030,947
5,30336,83,83,1034,951
5,30346,85,85,1040,957
5,30356,85,85,1045,962
5,30366,87,87,1051,967
5,30376,87,87,1058,972
5,30386,89,89,1063,977
5,30396,89,89,1068,982
5,30406,90,90,1073,988
5,30416,90,90,1078,993
5,30426,92,92,1083,999
5,30436,92,92,1089,1005
5,30446,93,93,1094,1010
5,30456,93,93,1100,1016
5,30466,94,94,1105,1021
5,30476,94,94,1110,1027
5,30486,95,95,1116,1032
5,30496,95,95,1121,1038
5,30507,96,96,1127,1044
5,30517,96,96,1132,1049
5,30527,97,97,1138,1055
5,30537,97,97,1143,1060
5,30547,98,98,1149,1066
5,30557,98,98,1154,1071
5,30567,98,98,1160,1077
5,30577,98,98,1166,1082
5,30587,99,99,1171,1088
5,30597,99,99,1176,1093
5,30607,99,99,1182,1099
5,30617,99,99,1187,1104
5,30627,99,99,1193,1110
5,30637,99,99,1198,1115
5,30647,100,100,1204,1121
5,30657,100,100,1210,1126
5,30667,99,99,1216,1132
5,30678,99,99,1222,1138
5,30688,99,99,1226,1144
5,30698,99,99,1232,1150
5,30708,99,99,1238,1155
5,30718,99,99,1244,1161
5,30728,98,98,1249,1167
5,30738,98,98,1255,1172
5,30748,98,98,1261,1178
5,30758,97,97,1266,1184
5,30768,97,97,1271,1189
5,30778,96,96,1277,1195
5,30788,96,96,1283,1201
5,30798,95,95,1288,1207
5,30808,95,95,1293,1212
5,30818,93,93,1299,1218
5,30828,93,93,1303,1224
5,30838,92,92,1309,1229
5,30848,92,92,1314,1235
5,30858,92,92,1320,1240
5,30868,91,91,1325,1246
5,30878,91,91,1331,1252
5,30888,89,89,1336,1258
5,30898,89,89,1342,1263
5,30908,87,87,1347,1269
5,30918,87,87,1353,1274
5,30928,85,85,1359,1280
5,30938,83,83,1364,1285
5,30948,83,83,1369,1291
5,30958,81,81,1375,1297
5,30968,81,81,1380,1302
5,30978,78,78,1386,1307
5,30988,78,78,1392,1313
5,30998,76,76,1397,1318
5,31008,76,76,1403,1324
5,31019,73,73,1408,1329
5,31029,73,73,1415,1335
5,31039,71,71,1420,1340
5,31049,71,71,1426,1346
5,31059,68,68,1431,1351
5,31069,68,68,1437,1356
5,31079,68,68,1443,1361
5,31089,65,65,1449,1367
5,31099,65,65,1454,1372
5,31109,62,62,1459,1377
5,31119,58,58,1464,1382
5,31129,58,58,1470,1388
5,31139,55,55,1475,1393
5,31149,55,55,1480,1397
5,31159,52,52,1485,1402
5,31169,52,52,1490,1407
5,31179,48,48,1495,1413
5,31190,48,48,1500,1418
5,31200,45,45,1505,1423
5,31210,45,45,1510,1428
5,31220,41,41,1515,1434
5,31230,41,41,1520,1439
5,31240,37,37,1524,1443
5,31250,37,37,1529,1448
5,31260,33,33,1534,1453
5,31270,33,33,1538,1458
5,31280,30,30,1542,1462
5,31290,30,30,1546,1466
5,31300,26,26,1551,1471
5,31310,26,26,1555,1475
5,31320,22,22,1559,1479
5,31330,22,22,1563,1484
5,31340,17,17,1567,1488
5,31350,17,17,1570,1492
5,31360,13,13,1574,1496
5,31370,13,13,1577,1499
5,31380,9,9,1581,1503
5,31390,9,9,1584,1507
5,31400,5,5,1588,1511
5,31410,5,5,1590,1514
5,31420,1,1,1594,1517
5,31430,1,1,1597,1520
5,31440,-2,-2,1600,1524
5,31450,-2,-2,1602,1526
5,31460,-7,-7,1605,1529
5,31470,-7,-7,1607,1532
5,31480,-11,-11,1610,1534
5,31490,-11,-11,1612,1537
5,31500,-15,-15,1614,1539
5,31510,-15,-15,1615,1540
5,31520,-19,-19,1617,1542
5,31531,-19,-19,1618,1543
5,31541,-23,-23,1619,1543
5,31551,-23,-23,1620,1544
5,31561,-27,-27,1620,1544
5,31571,-27,-27,1620,1544
5,31581,-31,-31,1620,1544
5,31591,-31,-31,1620,1543
5,31601,-35,-35,1619,1543
5,31611,-35,-35,1619,1542
5,31621,-39,-39,1619,1542
5,31631,-39,-39,1619,1541
5,31641,-43,-43,1618,1539
5,31651,-43,-43,1617,1538
5,31661,-47,-47,1616,1537
5,31671,-47,-47,1615,1535
5,31681,-51,-51,1614,1534
5,31691,-51,-51,1612,1532
5,31702,-55,-55,1611,1530
5,31712,-55,-55,1609,1527
5,31722,-58,-58,1607,1525
5,31732,-58,-58,1604,1522
5,31742,-62,-62,1601,1519
5,31752,-62,-62,1598,1516
5,31762,-65,-65,1595,1513
5,31772,-65,-65,1591,1509
5,31782,-68,-68,1588,1506
5,31792,-68,-68,1585,1503
5,31802,-71,-71,1581,1499
5,31812,-71,-71,1577,1495
5,31822,-74,-74,1573,1492
5,31832,-74,-74,1569,1488
5,31842,-77,-77,1565,1484
5,31852,-77,-77,1560,1480
5,31862,-80,-80,1556,1475
5,31872,-80,-80,1552,1472
5,31882,-83,-83,1547,1468
5,31892,-83,-83,1543,1463
5,31902,-85,-85,1538,1458
5,31912,-85,-85,1533,1453
5,31922,-87,-87,1529,1449
5,31932,-87,-87,1524,1444
5,31942,-89,-89,1519,1439
5,31952,-89,-89,1514,1434
5,31962,-91,-91,1509,1430
5,31972,-91,-91,1504,1424
5,31982,-93,-93,1498,1419
5,31992,-93,-93,1493,1414
5,32002,-94,-94,1488,1409
5,32012,-94,-94,1483,1404
5,32022,-96,-96,1477,1398
5,32032,-96,-96,1472,1393
5,32043,-97,-97,1466,1387
5,32053,-97,-97,1460,1382
5,32063,-98,-98,1455,1376
5,32073,-98,-98,1449,1371
5,32083,-99,-99,1444,1366
5,32093,-99,-99,1439,1361
5,32103,-99,-99,1433,1355
5,32113,-99,-99,1427,1349
5,32123,-99,-99,1422,1344
5,32133,-99,-99,1417,1338
5,32143,-100,-100,1411,1333
5,32153,-100,-100,1405,1327
5,32163,-99,-99,1399,1322
5,32173,-99,-99,1394,1317
5,32183,-99,-99,1388,1311
5,32193,-99,-99,1382,1305
5,32203,-99,-99,1376,1300
5,32214,-99,-99,1371,1294
5,32224,-98,-98,1365,1289
5,32234,-98,-98,1359,1282
5,32244,-97,-97,1353,1276
5,32254,-97,-97,1347,1271
5,32264,-96,-96,1342,1266
5,32274,-96,-96,1336,1260
5,32284,-94,-94,1330,1254
5,32294,-94,-94,1324,1249
5,32304,-93,-93,1319,1243
5,32314,-91,-91,1314,1237
5,32324,-91,-91,1308,1232
5,32334,-89,-89,1302,1226
5,32344,-89,-89,1297,1221
5,32354,-89,-89,1292,1216
5,32364,-87,-87,1286,1209
5,32374,-87,-87,1280,1204
5,32384,-84,-84,1275,1199
5,32394,-84,-84,1270,1192
5,32404,-82,-82,1264,1187
5,32414,-82,-82,1259,1181
5,32424,-79,-79,1253,1178
5,32434,-79,-79,1248,1173
5,32444,-76,-76,1243,1166
5,32454,-76,-76,1237,1161
5,32464,-73,-73,1232,1156
5,32474,-70,-70,1227,1152
5,32484,-70,-70,1222,1147
5,32494,-66,-66,1216,1141
5,32504,-66,-66,1211,1136
5,32514,-62,-62,1206,1131
5,32524,-62,-62,1201,1126
5,32534,-62,-62,1196,1121
5,32544,-59,-59,1191,1115
5,32555,-59,-59,1185,1110
5,32565,-55,-55,1180,1105
5,32575,-55,-55,1175,1100
5,32585,-50,-50,1170,1095
5,32595,-50,-50,1165,1089
5,32605,-46,-46,1160,1085
5,32615,-46,-46,1155,1080
5,32625,-42,-42,1150,1075
5,32635,-37,-37,1145,1070
5,32645,-37,-37,1140,1065
5,32655,-33,-33,1135,1061
5,32665,-33,-33,1130,1056
5,32675,-28,-28,1125,1051
5,32685,-28,-28,1121,1047
5,32695,-23,-23,1117,1043
5,32705,-23,-23,1112,1038
5,32715,-19,-19,1108,1034
5,32726,-19,-19,1104,1030
5,32736,-14,-14,1100,1026
5,32746,-14,-14,1096,1022
5,32756,-9,-9,1092,1018
5,32766,-9,-9,1089,1014
5,32776,-4,-4,1086,1011
5,32786,-4,-4,1082,1007
5,32796,0,0,1079,1004
5,32806,0,0,1076,1001
5,32816,5,5,1073,998
5,32826,5,5,1071,995
5,32836,10,10,1068,992
5,32846,10,10,1065,989
5,32856,15,15,1064,987
5,32866,15,15,1062,985
5,32876,20,20,1060,984
5,32886,20,20,1059,982
5,32896,25,25,1058,982
5,32906,25,25,1057,981
5,32916,30,30,1057,981
5,32926,30,30,1057,981
5,32936,34,34,1057,982
5,32946,34,34,1057,982
5,32956,39,39,1058,983
5,32966,39,39,1058,983
5,32976,44,44,1059,984
5,32986,44,44,1059,985
5,32996,48,48,1061,986
5,33006,48,48,1062,988
5,33016,52,52,1063,990
5,33026,52,52,1065,991
5,33036,57,57,1067,994
5,33046,57,57,1069,996
5,33056,61,61,1071,999
5,33067,61,61,1073,1001
5,33077,65,65,1076,1004
5,33087,65,65,1078,1008
5,33097,69,69,1081,1011
5,33107,69,69,1085,1015
5,33117,72,72,1088,1018
5,33127,72,72,1091,1022
5,33137,76,76,1095,1026
5,33147,76,76,1099,1031
5,33157,79,79,1103,1035
5,33167,79,79,1107,1039
5,33177,82,82,1113,1044
5,33187,82,82,1117,1049
5,33197,85,85,1121,1053
5,33207,85,85,1126,1058
5,33217,87,87,1131,1063
5,33227,87,87,1136,1068
5,33238,90,90,1141,1074
5,33248,90,90,1146,1079
5,33258,92,92,1151,1084
5,33268,92,92,1156,1089
5,33278,94,94,1162,1095
5,33288,94,94,1166,1099
5,33298,95,95,1172,1105
5,33308,95,95,1177,1110
5,33318,97,97,1183,1116
5,33328,97,97,1188,1121
5,33338,98,98,1193,1127
5,33348,98,98,1199,1132
5,33358,99,99,1203,1137
5,33368,99,99,1208,1142
5,33378,99,99,1214,1148
5,33388,99,99,1220,1153
5,33398,99,99,1226,1159
5,33408,99,99,1231,1164
5,33418,99,99,1237,1170
5,33428,99,99,1243,1176
5,33438,99,99,1248,1181
5,33448,99,99,1254,1187
5,33458,99,99,1259,1192
5,33468,99,99,1265,1198
5,33478,98,98,1271,1204
5,33488,98,98,1276,1210
5,33498,97,97,1280,1215
5,33508,97,97,1286,1221
5,33518,95,95,1292,1227
5,33528,95,95,1297,1232
5,33538,93,93,1302,1238
5,33548,93,93,1308,1244
5,33558,92,92,1314,1248
5,33568,92,92,1319,1254
5,33579,89,89,1325,1260
5,33589,89,89,1331,1266
5,33599,87,87,1336,1271
5,33609,87,87,1342,1277
5,33619,84,84,1347,1283
5,33629,84,84,1352,1288
5,33639,81,81,1359,1293
5,33649,81,81,1365,1298
5,33659,78,78,1370,1304
5,33669,78,78,1375,1309
5,33679,74,74,1381,1315
5,33689,74,74,1386,1320
5,33699,70,70,1392,1326
5,33709,70,70,1396,1331
5,33719,66,66,1402,1336
5,33729,66,66,1407,1342
5,33739,62,62,1413,1347
5,33750,62,62,1417,1353
5,33760,58,58,1422,1358
5,33770,58,58,1428,1363
5,33780,53,53,1433,1369
5,33790,53,53,1438,1374
5,33800,49,49,1443,1379
5,33810,49,49,1448,1384
5,33820,44,44,1454,1389
5,33830,44,44,1459,1395
5,33840,39,39,1463,1399
5,33850,39,39,1468,1404
5,33860,34,34,1473,1409
5,33870,34,34,1478,1414
5,33880,28,28,1482,1419
5,33890,28,28,1487,1423
5,33900,23,23,1491,1428
5,33910,23,23,1495,1433
5,33920,17,17,1499,1437
5,33930,17,17,1503,1441
5,33940,12,12,1507,1446
5,33950,12,12,1511,1450
5,33960,6,6,1515,1454
5,33970,6,6,1519,1458
5,33980,1,1,1522,1462
5,33990,1,1,1526,1465
5,34000,-4,-4,1529,1469
5,34010,-10,-10,1532,1472
5,34020,-10,-10,1535,1476
5,34030,-15,-15,1537,1479
5,34040,-15,-15,1540,1481
5,34050,-21,-21,1542,1483
5,34060,-21,-21,1544,1484
5,34070,-21,-21,1545,1486
5,34080,-26,-26,1546,1487
5,34091,-26,-26,1547,1487
5,34101,-32,-32,1548,1488
5,34111,-32,-32,1548,1488
5,34121,-37,-37,1548,1488
5,34131,-37,-37,1548,1487
5,34141,-42,-42,1547,1487
5,34151,-42,-42,1547,1486
5,34161,-47,-47,1546,1485
5,34171,-47,-47,1545,1484
5,34181,-52,-52,1544,1483
5,34191,-57,-57,1543,1482
5,34201,-57,-57,1541,1480
5,34211,-62,-62,1539,1479
5,34221,-62,-62,1538,1477
5,34231,-66,-66,1536,1475
5,34241,-66,-66,1533,1473
5,34251,-70,-70,1531,1470
5,34262,-70,-70,1528,1467
5,34272,-74,-74,1525,1464
5,34282,-74,-74,1521,1460
5,34292,-78,-78,1518,1459
5,34302,-78,-78,1514,1457
5,34312,-82,-82,1510,1453
5,34322,-82,-82,1506,1449
5,34332,-82,-82,1502,1445
5,34342,-85,-85,1497,1440
5,34352,-88,-88,1493,1436
5,34362,-88,-88,1489,1431
5,34372,-90,-90,1485,1427
5,34382,-90,-90,1480,1422
5,34392,-93,-93,1475,1418
5,34402,-93,-93,1470,1413
5,34412,-95,-95,1466,1407
5,34422,-95,-95,1460,1402
5,34432,-96,-96,1456,1397
5,34442,-96,-96,1450,1392
5,34452,-98,-98,1445,1387
5,34462,-98,-98,1440,1381
5,34472,-99,-99,1434,1376
5,34482,-99,-99,1429,1371
5,34492,-99,-99,1424,1366
5,34502,-99,-99,1418,1358
5,34512,-99,-99,1412,1353
5,34522,-99,-99,1407,1348
5,34532,-99,-99,1401,1342
5,34542,-99,-99,1395,1337
5,34552,-99,-99,1389,1331
5,34562,-99,-99,1384,1326
5,34572,-98,-98,1378,1321
5,34582,-98,-98,1373,1315
5,34592,-97,-97,1367,1310
5,34603,-97,-97,1361,1304
5,34613,-96,-96,1355,1298
5,34623,-96,-96,1349,1293
5,34633,-94,-94,1343,1287
5,34643,-94,-94,1338,1281
5,34653,-92,-92,1332,1276
5,34663,-92,-92,1326,1271
5,34673,-89,-89,1321,1265
5,34683,-89,-89,1315,1259
5,34693,-86,-86,1310,1254
5,34703,-86,-86,1304,1249
5,34713,-83,-83,1299,1244
5,34723,-83,-83,1293,1238
5,34733,-80,-80,1288,1233
5,34743,-80,-80,1283,1228
5,34753,-76,-76,1277,1222
5,34763,-76,-76,1272,1217
5,34774,-72,-72,1266,1211
5,34784,-72,-72,1261,1206
5,34794,-68,-68,1255,1200
5,34804,-68,-68,1250,1195
5,34814,-63,-63,1245,1190
5,34824,-63,-63,1240,1185
5,34834,-58,-58,1234,1179
5,34844,-58,-58,1228,1175
5,34854,-53,-53,1223,1170
5,34864,-53,-53,1218,1164
5,34874,-48,-48,1213,1159
5,34884,-48,-48,1208,1154
5,34894,-43,-43,1203,1150
5,34904,-43,-43,1198,1148
5,34914,-37,-37,1193,1143
5,34924,-37,-37,1189,1139
5,34934,-31,-31,1184,1134
5,34944,-31,-31,1180,1130
5,34954,-25,-25,1175,1125
5,34964,-25,-25,1171,1120
5,34974,-19,-19,1166,1116
5,34984,-19,-19,1162,1111
5,34994,-13,-13,1158,1108
5,35004,-13,-13,1154,1103
5,35014,-7,-7,1150,1099
5,35024,-7,-7,1146,1095
5,35034,-1,-1,1142,1092
5,35044,-1,-1,1139,1088
5,35054,4,4,1135,1084
5,35064,4,4,1132,1081
5,35074,11,11,1129,1078
5,35084,11,11,1125,1075
5,35094,17,17,1123,1072
5,35104,17,17,1120,1069
5,35115,23,23,1118,1067
5,35125,23,23,1116,1066
5,35135,29,29,1114,1065
5,35145,29,29,1113,1064
5,35155,35,35,1113,1064
5,35165,35,35,1113,1064
5,35175,41,41,1113,1065
5,35185,41,41,1114,1065
5,35195,46,46,1114,1066
5,35205,46,46,1115,1067
5,35215,52,52,1116,1068
5,35225,52,52,1117,1069
5,35235,57,57,1118,1070
5,35245,57,57,1119,1072
5,35255,62,62,1121,1074
5,35265,62,62,1122,1076
5,35275,67,67,1124,1078
5,35286,67,67,1126,1081
5,35296,72,72,1129,1083
5,35306,72,72,1132,1086
5,35316,76,76,1135,1089
5,35326,76,76,1138,1093
5,35336,80,80,1141,1096
5,35346,80,80,1145,1100
5,35356,84,84,1149,1104
5,35366,84,84,1153,1109
5,35376,87,87,1157,1113
5,35386,87,87,1162,1118
5,35396,90,90,1167,1123
5,35406,90,90,1171,1128
5,35416,92,92,1176,1133
5,35426,92,92,1181,1138
5,35436,95,95,1186,1143
5,35446,95,95,1192,1149
5,35456,96,96,1196,1154
5,35466,96,96,1202,1159
5,35476,98,98,1207,1165
5,35486,98,98,1213,1170
5,35496,99,99,1218,1176
5,35506,99,99,1224,1181
5,35516,99,99,1229,1186
5,35526,99,99,1235,1192
5,35536,100,100,1240,1198
5,35546,99,99,1246,1203
5,35556,99,99,1251,1208
5,35566,99,99,1257,1214
5,35576,99,99,1262,1220
5,35586,99,99,1267,1225
5,35596,97,97,1273,1231
5,35606,97,97,1279,1236
5,35616,96,96,1284,1242
5,35627,96,96,1290,1248
5,35637,94,94,1296,1254
5,35647,94,94,1300,1259
5,35657,92,92,1306,1265
5,35667,92,92,1312,1271
5,35677,89,89,1317,1276
5,35687,89,89,1322,1282
5,35697,86,86,1329,1287
5,35707,86,86,1335,1293
5,35717,82,82,1340,1299
5,35727,78,78,1345,1304
5,35737,78,78,1351,1310
5,35747,74,74,1356,1315
5,35757,74,74,1361,1320
5,35767,74,74,1367,1326
5,35777,69,69,1373,1331
5,35787,69,69,1378,1337
5,35798,65,65,1383,1342
5,35808,65,65,1389,1348
5,35818,59,59,1394,1353
5,35828,59,59,1400,1359
5,35838,54,54,1406,1364
5,35848,54,54,1411,1369
5,35858,48,48,1416,1374
5,35868,48,48,1421,1379
5,35878,42,42,1427,1385
5,35888,36,36,1431,1389
5,35898,36,36,1436,1395
5,35908,30,30,1441,1400
5,35918,30,30,1446,1405
5,35928,23,23,1450,1409
5,35938,23,23,1455,1414
5,35948,17,17,1460,1418
5,35958,17,17,1464,1423
5,35968,10,10,1468,1427
5,35978,10,10,1472,1432
5,35988,3,3,1477,1436
5,35998,3,3,1481,1440
5,36008,-2,-2,1484,1444
5,36018,-2,-2,1488,1447
5,36028,-2,-2,1491,1451
5,36038,-9,-9,1494,1454
5,36048,-9,-9,1498,1458
5,36058,-16,-16,1500,1461
5,36068,-23,-23,1503,1463
5,36078,-23,-23,1505,1466
5,36088,-29,-29,1507,1467
5,36098,-29,-29,1508,1469
5,36108,-36,-36,1509,1469
5,36118,-36,-36,1509,1470
5,36128,-42,-42,1509,1470
5,36139,-42,-42,1509,1470
5,36149,-48,-48,1508,1469
5,36159,-48,-48,1508,1468
5,36169,-54,-54,1508,1467
5,36179,-54,-54,1507,1466
5,36189,-59,-59,1507,1465
5,36199,-59,-59,1506,1463
5,36209,-65,-65,1504,1461
5,36219,-65,-65,1503,1459
5,36229,-70,-70,1501,1457
5,36239,-70,-70,1499,1454
5,36249,-75,-75,1497,1452
5,36259,-75,-75,1494,1449
5,36269,-79,-79,1491,1446
5,36279,-79,-79,1488,1443
5,36289,-83,-83,1484,1439
5,36299,-83,-83,1481,1435
5,36310,-87,-87,1477,1434
5,36320,-87,-87,1473,1429
5,36330,-90,-90,1468,1426
5,36340,-90,-90,1464,1421
5,36350,-93,-93,1459,1417
5,36360,-93,-93,1454,1412
5,36370,-95,-95,1450,1407
5,36380,-95,-95,1444,1402
5,36390,-97,-97,1439,1397
5,36400,-97,-97,1435,1391
5,36410,-98,-98,1430,1385
5,36420,-98,-98,1424,1379
5,36430,-99,-99,1419,1373
5,36440,-99,-99,1414,1369
5,36450,-99,-99,1408,1363
5,36460,-99,-99,1402,1356
5,36470,-99,-99,1396,1351
5,36480,-99,-99,1391,1346
5,36490,-99,-99,1386,1340
5,36500,-99,-99,1380,1335
5,36510,-98,-98,1374,1329
5,36520,-98,-98,1368,1324
5,36530,-96,-96,1363,1319
5,36540,-96,-96,1357,1313
5,36550,-94,-94,1352,1308
5,36560,-94,-94,1346,1302
5,36570,-92,-92,1341,1297
5,36580,-92,-92,1336,1291
5,36590,-89,-89,1330,1286
5,36600,-89,-89,1325,1280
5,36610,-85,-85,1320,1275
5,36620,-85,-85,1314,1270
5,36630,-81,-81,1308,1264
5,36640,-81,-81,1303,1259
5,36651,-77,-77,1297,1253
5,36661,-77,-77,1292,1248
5,36671,-72,-72,1286,1242
5,36681,-72,-72,1281,1236
5,36691,-67,-67,1275,1231
5,36701,-67,-67,1270,1226
5,36711,-62,-62,1265,1220
5,36721,-62,-62,1259,1215
5,36731,-56,-56,1254,1210
5,36741,-56,-56,1249,1205
5,36751,-50,-50,1244,1200
5,36761,-50,-50,1239,1194
5,36771,-44,-44,1233,1188
5,36781,-44,-44,1229,1184
5,36791,-37,-37,1224,1179
5,36801,-37,-37,1219,1174
5,36811,-30,-30,1214,1169
5,36822,-30,-30,1210,1164
5,36832,-23,-23,1205,1159
5,36842,-23,-23,1200,1154
5,36852,-16,-16,1196,1150
5,36862,-16,-16,1191,1145
5,36872,-9,-9,1187,1141
5,36882,-9,-9,1183,1137
5,36892,-2,-2,1179,1133
5,36902,-2,-2,1175,1129
5,36912,4,4,1172,1126
5,36922,4,4,1168,1122
5,36932,12,12,1165,1119
5,36942,12,12,1162,1115
5,36952,19,19,1159,1113
5,36962,19,19,1156,1110
5,36972,26,26,1154,1108
5,36982,26,26,1152,1107
5,36992,33,33,1151,1106
5,37002,33,33,1150,1105
5,37012,40,40,1150,1105
5,37022,40,40,1150,1105
5,37032,46,46,1151,1105
5,37042,46,46,1151,1106
5,37052,53,53,1152,1107
5,37062,53,53,1153,1108
5,37072,59,59,1154,1109
5,37082,59,59,1155,1111
5,37092,65,65,1156,1112
5,37102,65,65,1158,1114
5,37112,70,70,1159,1116
5,37122,70,70,1161,1118
5,37132,75,75,1164,1121
5,37142,75,75,1167,1124
5,37152,80,80,1170,1127
5,37163,80,80,1173,1130
5,37173,84,84,1176,1133
5,37183,84,84,1180,1137
5,37193,88,88,1184,1141
5,37203,88,88,1188,1145
5,37213,91,91,1192,1149
5,37223,91,91,1196,1154
5,37233,94,94,1202,1158
5,37243,94,94,1207,1162
5,37253,96,96,1211,1167
5,37263,98,98,1217,1172
5,37273,98,98,1223,1178
5,37283,99,99,1228,1183
5,37293,99,99,1233,1189
5,37303,99,99,1239,1194
5,37313,99,99,1245,1200
5,37323,99,99,1250,1206
5,37334,99,99,1256,1212
5,37344,99,99,1262,1218
5,37354,99,99,1268,1223
5,37364,99,99,1274,1229
5,37374,98,98,1279,1235
5,37384,98,98,1285,1241
5,37394,96,96,1290,1246
5,37404,96,96,1296,1252
5,37414,94,94,1301,1258
5,37424,91,91,1306,1263
5,37434,91,91,1312,1269
5,37444,88,88,1317,1274
5,37454,88,88,1323,1280
5,37464,84,84,1329,1285
5,37474,84,84,1334,1291
5,37484,80,80,1340,1296
5,37494,80,80,1345,1302
5,37504,75,75,1350,1307
5,37514,75,75,1355,1313
5,37524,75,75,1362,1318
5,37534,70,70,1367,1324
5,37544,70,70,1373,1329
5,37554,65,65,1378,1334
5,37564,65,65,1383,1340
5,37574,59,59,1389,1346
5,37584,52,52,1393,1350
5,37594,52,52,1398,1355
5,37604,46,46,1403,1361
5,37614,46,46,1408,1366
5,37624,39,39,1414,1371
5,37634,39,39,1418,1376
5,37644,31,31,1424,1381
5,37654,31,31,1429,1387
5,37664,24,24,1434,1392
5,37675,24,24,1439,1397
5,37685,16,16,1443,1401
5,37695,16,16,1448,1406
5,37705,9,9,1452,1411
5,37715,9,9,1457,1415
5,37725,1,1,1461,1419
5,37735,1,1,1465,1423
5,37745,-6,-6,1469,1427
5,37755,-6,-6,1473,1431
5,37765,-13,-13,1476,1434
5,37775,-13,-13,1479,1438
5,37785,-21,-21,1482,1440
5,37795,-21,-21,1485,1442
5,37805,-28,-28,1487,1444
5,37815,-28,-28,1489,1445
5,37825,-36,-36,1490,1446
5,37835,-36,-36,1491,1447
5,37846,-43,-43,1491,1447
5,37856,-43,-43,1491,1446
5,37866,-50,-50,1491,1446
5,37876,-50,-50,1490,1445
5,37886,-56,-56,1489,1443
5,37896,-56,-56,1488,1442
5,37906,-63,-63,1487,1440
5,37916,-63,-63,1485,1438
5,37926,-69,-69,1483,1436
5,37936,-69,-69,1481,1433
5,37946,-74,-74,1479,1431
5,37956,-74,-74,1476,1428
5,37966,-79,-79,1474,1425
5,37976,-79,-79,1471,1422
5,37986,-84,-84,1468,1419
5,37996,-84,-84,1465,1415
5,38006,-88,-88,1461,1412
5,38016,-88,-88,1458,1408
5,38026,-91,-91,1455,1404
5,38036,-91,-91,1451,1400
5,38046,-94,-94,1447,1395
5,38056,-94,-94,1442,1391
5,38066,-96,-96,1438,1387
5,38076,-96,-96,1433,1382
5,38086,-98,-98,1428,1378
5,38096,-98,-98,1423,1373
5,38106,-99,-99,1418,1368
5,38116,-99,-99,1413,1362
5,38126,-99,-99,1407,1357
5,38136,-99,-99,1401,1351
5,38146,-99,-99,1396,1346
5,38156,-99,-99,1390,1341
5,38166,-99,-99,1384,1335
5,38176,-99,-99,1378,1329
5,38187,-97,-97,1372,1323
5,38197,-97,-97,1366,1318
5,38207,-95,-95,1360,1312
5,38217,-95,-95,1354,1306
5,38227,-92,-92,1348,1300
5,38237,-92,-92,1343,1295
5,38247,-89,-89,1337,1290
5,38257,-89,-89,1331,1284
5,38267,-85,-85,1326,1279
5,38277,-85,-85,1321,1274
5,38287,-81,-81,1315,1268
5,38297,-81,-81,1310,1264
5,38307,-76,-76,1304,1258
5,38317,-76,-76,1299,1254
5,38327,-70,-70,1294,1248
5,38337,-70,-70,1289,1243
5,38347,-64,-64,1283,1238
5,38358,-64,-64,1278,1233
5,38368,-58,-58,1273,1227
5,38378,-58,-58,1267,1222
5,38388,-51,-51,1262,1217
5,38398,-51,-51,1257,1211
5,38408,-44,-44,1253,1207
5,38418,-44,-44,1248,1201
5,38428,-37,-37,1243,1196
5,38438,-37,-37,1238,1191
5,38448,-29,-29,1233,1187
5,38458,-29,-29,1228,1182
5,38468,-21,-21,1223,1177
5,38478,-21,-21,1219,1172
5,38488,-13,-13,1215,1168
5,38498,-13,-13,1210,1163
5,38508,-5,-5,1206,1159
5,38518,-5,-5,1202,1154
5,38528,2,2,1198,1151
5,38538,2,2,1194,1147
5,38548,10,10,1190,1143
5,38558,10,10,1187,1139
5,38568,18,18,1183,1136
5,38578,18,18,1181,1133
5,38588,26,26,1178,1131
5,38598,26,26,1176,1129
5,38608,34,34,1174,1128
5,38618,34,34,1173,1127
5,38628,42,42,1173,1127
5,38638,42,42,1173,1127
5,38648,49,49,1173,1128
5,38658,49,49,1174,1128
5,38668,56,56,1174,1129
5,38678,56,56,1175,1130
5,38688,63,63,1176,1132
5,38699,63,63,1177,1134
5,38709,69,69,1179,1136
5,38719,69,69,1181,1138
5,38729,75,75,1183,1141
5,38739,75,75,1185,1144
5,38749,80,80,1188,1146
5,38759,80,80,1191,1149
5,38769,85,85,1194,1153
5,38779,85,85,1197,1156
5,38789,89,89,1200,1159
5,38799,89,89,1204,1163
5,38809,92,92,1208,1167
5,38819,92,92,1212,1172
5,38829,95,95,1216,1176
5,38839,95,95,1220,1180
5,38849,97,97,1225,1185
5,38859,97,97,1230,1190
5,38870,99,99,1237,1195
5,38880,99,99,1243,1201
5,38890,99,99,1248,1206
5,38900,99,99,1254,1212
5,38910,99,99,1259,1218
5,38920,99,99,1265,1223
5,38930,99,99,1270,1229
5,38940,99,99,1276,1235
5,38950,98,98,1282,1241
5,38960,96,96,1287,1247
5,38970,96,96,1293,1253
5,38980,93,93,1299,1259
5,38990,93,93,1305,1264
5,39000,89,89,1310,1270
5,39010,89,89,1315,1276
5,39020,89,89,1321,1281
5,39030,85,85,1327,1287
5,39040,85,85,1332,1292
5,39050,81,81,1337,1298
5,39060,81,81,1342,1303
5,39070,76,76,1348,1309
5,39080,76,76,1353,1314
5,39090,70,70,1358,1319
5,39100,70,70,1363,1325
5,39110,64,64,1369,1330
5,39120,64,64,1374,1336
5,39130,57,57,1379,1341
5,39140,57,57,1384,1346
5,39150,57,57,1389,1351
5,39160,50,50,1394,1357
5,39170,50,50,1399,1361
5,39180,42,42,1404,1367
5,39190,42,42,1410,1372
5,39200,34,34,1415,1377
5,39211,26,26,1420,1382
5,39221,26,26,1425,1388
5,39231,18,18,1430,1393
5,39241,18,18,1435,1398
5,39251,9,9,1440,1402
5,39261,9,9,1444,1406
5,39271,1,1,1448,1411
5,39281,1,1,1453,1415
5,39291,-7,-7,1457,1419
5,39301,-7,-7,1461,1423
5,39311,-16,-16,1465,1427
5,39321,-16,-16,1468,1430
5,39331,-24,-24,1472,1433
5,39341,-24,-24,1474,1435
5,39351,-24,-24,1476,1437
5,39361,-32,-32,1478,1439
5,39371,-32,-32,1479,1440
5,39382,-40,-40,1480,1440
5,39392,-48,-48,1480,1440
5,39402,-48,-48,1479,1440
5,39412,-55,-55,1479,1439
5,39422,-55,-55,1479,1438
5,39432,-62,-62,1478,1437
5,39442,-62,-62,1477,1436
5,39452,-69,-69,1475,1434
5,39462,-69,-69,1474,1432
5,39472,-75,-75,1472,1430
5,39482,-75,-75,1469,1428
5,39492,-80,-80,1467,1425
5,39502,-80,-80,1464,1422
5,39512,-85,-85,1462,1419
5,39522,-85,-85,1459,1415
5,39532,-89,-89,1456,1412
5,39542,-89,-89,1452,1408
5,39552,-93,-93,1448,1407
5,39562,-93,-93,1444,1403
5,39572,-96,-96,1440,1399
5,39582,-96,-96,1436,1394
5,39592,-98,-98,1431,1391
5,39602,-98,-98,1427,1387
5,39612,-99,-99,1422,1381
5,39622,-99,-99,1417,1377
5,39632,-99,-99,1412,1372
5,39642,-99,-99,1406,1367
5,39652,-99,-99,1401,1362
5,39662,-99,-99,1395,1356
5,39672,-98,-98,1389,1351
5,39682,-98,-98,1384,1346
5,39692,-96,-96,1378,1340
5,39702,-96,-96,1372,1335
5,39712,-94,-94,1366,1329
5,39723,-94,-94,1360,1323
5,39733,-91,-91,1354,1317
5,39743,-91,-91,1348,1311
5,39753,-87,-87,1342,1305
5,39763,-87,-87,1336,1299
5,39773,-82,-82,1330,1294
5,39783,-82,-82,1324,1288
5,39793,-77,-77,1318,1282
5,39803,-77,-77,1313,1276
5,39813,-71,-71,1307,1271
5,39823,-71,-71,1302,1266
5,39833,-64,-64,1297,1260
5,39843,-64,-64,1291,1255
5,39853,-57,-57,1286,1250
5,39863,-57,-57,1281,1245
5,39873,-49,-49,1276,1240
5,39883,-49,-49,1271,1235
5,39894,-42,-42,1266,1231
5,39904,-42,-42,1261,1227
5,39914,-33,-33,1256,1223
5,39924,-33,-33,1252,1218
5,39934,-25,-25,1247,1213
5,39944,-25,-25,1243,1209
5,39954,-16,-16,1239,1205
5,39964,-16,-16,1235,1200
5,39974,-7,-7,1230,1196
5,39984,-7,-7,1227,1192
5,39994,1,1,1223,1188
5,40004,1,1,1219,1184
5,40014,10,10,1215,1181
5,40024,10,10,1212,1177
5,40034,19,19,1209,1174
5,40044,19,19,1206,1171
5,40054,28,28,1203,1169
5,40064,28,28,1201,1167
5,40074,36,36,1200,1166
5,40084,36,36,1199,1165
5,40094,44,44,1198,1165
5,40104,44,44,1198,1165
5,40114,52,52,1198,1165
5,40124,52,52,1199,1166
5,40134,60,60,1200,1167
5,40144,60,60,1201,1168
5,40154,67,67,1203,1170
5,40164,67,67,1204,1172
5,40174,73,73,1206,1175
5,40184,73,73,1208,1177
5,40194,79,79,1210,1180
5,40204,79,79,1213,1183
5,40214,84,84,1216,1186
5,40224,84,84,1219,1189
5,40235,89,89,1223,1193
5,40245,89,89,1226,1197
5,40255,93,93,1230,1202
5,40265,93,93,1234,1206
5,40275,95,95,1238,1210
5,40285,95,95,1242,1215
5,40295,98,98,1247,1219
5,40305,98,98,1252,1224
5,40315,99,99,1257,1230
5,40325,99,99,1262,1235
5,40335,100,100,1267,1240
5,40345,100,100,1273,1246
5,40355,99,99,1278,1252
5,40365,99,99,1284,1257
5,40375,98,98,1288,1263
5,40385,98,98,1294,1269
5,40395,96,96,1300,1275
5,40406,96,96,1305,1281
5,40416,93,93,1311,1287
5,40426,93,93,1317,1293
5,40436,89,89,1323,1298
5,40446,89,89,1328,1304
5,40456,85,85,1334,1310
5,40466,85,85,1339,1315
5,40476,80,80,1345,1321
5,40486,80,80,1350,1327
5,40496,74,74,1355,1332
5,40506,74,74,1361,1337
5,40516,68,68,1366,1343
5,40526,68,68,1371,1349
5,40536,60,60,1376,1353
5,40546,60,60,1382,1359
5,40556,53,53,1387,1364
5,40566,53,53,1392,1369
5,40576,45,45,1397,1373
5,40586,36,36,1402,1379
5,40596,36,36,1407,1384
5,40606,27,27,1413,1389
5,40616,27,27,1418,1394
5,40626,18,18,1422,1399
5,40636,18,18,1427,1404
5,40646,18,18,1432,1409
5,40656,9,9,1437,1413
5,40666,9,9,1441,1418
5,40676,0,0,1445,1422
5,40686,0,0,1450,1426
5,40696,-9,-9,1454,1431
5,40706,-9,-9,1457,1434
5,40716,-18,-18,1461,1438
5,40726,-18,-18,1465,1441
5,40736,-27,-27,1467,1444
5,40747,-36,-36,1470,1446
5,40757,-36,-36,1471,1447
5,40767,-45,-45,1472,1448
5,40777,-45,-45,1473,1448
5,40787,-53,-53,1473,1448
5,40797,-53,-53,1473,1447
5,40807,-61,-61,1472,1445
5,40817,-61,-61,1472,1442
5,40827,-68,-68,1471,1440
5,40837,-68,-68,1470,1438
5,40847,-68,-68,1468,1435
5,40857,-74,-74,1466,1433
5,40867,-74,-74,1465,1431
5,40877,-80,-80,1463,1429
5,40887,-80,-80,1460,1426
5,40897,-86,-86,1457,1423
5,40907,-86,-86,1454,1419
5,40918,-90,-90,1451,1417
5,40928,-94,-94,1447,1417
5,40938,-94,-94,1443,1412
5,40948,-96,-96,1439,1408
5,40958,-96,-96,1435,1404
5,40968,-98,-98,1431,1400
5,40978,-98,-98,1427,1395
5,40988,-99,-99,1422,1389
5,40998,-99,-99,1417,1384
5,41008,-99,-99,1413,1382
5,41018,-99,-99,1408,1377
5,41028,-99,-99,1403,1371
5,41038,-99,-99,1398,1366
5,41048,-97,-97,1393,1362
5,41058,-97,-97,1389,1358
5,41068,-94,-94,1384,1353
5,41078,-94,-94,1378,1347
5,41088,-91,-91,1373,1342
5,41098,-91,-91,1367,1337
5,41108,-86,-86,1361,1331
5,41118,-86,-86,1355,1325
5,41128,-81,-81,1349,1319
5,41138,-81,-81,1344,1314
5,41148,-75,-75,1338,1308
5,41158,-75,-75,1332,1302
5,41168,-69,-69,1326,1296
5,41178,-69,-69,1320,1291
5,41188,-61,-61,1314,1285
5,41198,-61,-61,1308,1279
5,41208,-53,-53,1303,1273
5,41218,-53,-53,1297,1268
5,41228,-45,-45,1292,1262
5,41238,-45,-45,1286,1256
5,41248,-36,-36,1281,1251
5,41259,-36,-36,1276,1246
5,41269,-27,-27,1271,1240
5,41279,-27,-27,1266,1235
5,41289,-17,-17,1261,1231
5,41299,-17,-17,1257,1226
5,41309,-8,-8,1253,1222
5,41319,-8,-8,1249,1218
5,41329,1,1,1245,1214
5,41339,1,1,1241,1210
5,41349,11,11,1237,1206
5,41359,11,11,1234,1203
5,41369,20,20,1231,1200
5,41379,20,20,1228,1197
5,41389,30,30,1226,1195
5,41399,30,30,1225,1193
5,41409,39,39,1223,1192
5,41419,39,39,1222,1192
5,41430,48,48,1222,1192
5,41440,48,48,1222,1193
5,41450,56,56,1222,1193
5,41460,56,56,1223,1194
5,41470,64,64,1223,1195
5,41480,64,64,1224,1196
5,41490,71,71,1225,1198
5,41500,71,71,1227,1200
5,41510,78,78,1228,1202
5,41520,78,78,1230,1204
5,41530,83,83,1232,1207
5,41540,83,83,1235,1211
5,41550,88,88,1238,1214
5,41560,88,88,1240,1217
5,41570,92,92,1243,1221
5,41580,92,92,1247,1225
5,41590,96,96,1251,1229
5,41600,96,96,1254,1233
5,41610,98,98,1259,1237
5,41620,98,98,1265,1241
5,41630,99,99,1270,1246
5,41640,99,99,1276,1251
5,41650,99,99,1280,1256
5,41660,99,99,1287,1261
5,41670,99,99,1292,1267
5,41680,99,99,1298,1273
5,41690,97,97,1303,1278
5,41700,97,97,1309,1284
5,41710,95,95,1314,1290
5,41720,95,95,1320,1296
5,41730,91,91,1325,1301
5,41740,91,91,1331,1308
5,41750,86,86,1337,1314
5,41760,86,86,1343,1320
5,41771,81,81,1349,1326
5,41781,81,81,1354,1332
5,41791,75,75,1360,1337
5,41801,75,75,1367,1343
5,41811,68,68,1372,1349
5,41821,68,68,1377,1354
5,41831,60,60,1383,1360
5,41841,60,60,1388,1365
5,41851,52,52,1394,1370
5,41861,52,52,1398,1375
5,41871,43,43,1404,1381
5,41881,43,43,1409,1386
5,41891,34,34,1414,1391
5,41901,34,34,1419,1396
5,41911,24,24,1424,1401
5,41921,24,24,1429,1406
5,41931,15,15,1433,1411
5,41942,15,15,1438,1415
5,41952,5,5,1443,1420
5,41962,5,5,1447,1425
5,41972,-5,-5,1452,1429
5,41982,-5,-5,1456,1433
5,41992,-15,-15,1460,1437
5,42002,-15,-15,1464,1441
5,42012,-25,-25,1467,1444
5,42022,-25,-25,1470,1445
5,42032,-34,-34,1472,1447
5,42042,-34,-34,1474,1449
5,42052,-44,-44,1475,1450
5,42062,-44,-44,1476,1450
5,42072,-52,-52,1476,1450
5,42082,-52,-52,1476,1449
5,42092,-61,-61,1475,1448
5,42102,-61,-61,1474,1447
5,42112,-68,-68,1473,1446
5,42122,-68,-68,1471,1443
5,42132,-75,-75,1469,1441
5,42142,-75,-75,1467,1438
5,42152,-82,-82,1465,1436
5,42162,-82,-82,1463,1435
5,42172,-87,-87,1460,1431
5,42182,-87,-87,1457,1428
5,42192,-92,-92,1454,1424
5,42202,-92,-92,1450,1420
5,42212,-95,-95,1448,1417
5,42222,-95,-95,1444,1413
5,42232,-98,-98,1440,1408
5,42242,-98,-98,1436,1404
5,42252,-99,-99,1431,1401
5,42262,-99,-99,1427,1396
5,42272,-100,-100,1422,1391
5,42283,-100,-100,1417,1386
5,42293,-99,-99,1412,1381
5,42303,-97,-97,1407,1376
5,42313,-97,-97,1402,1372
5,42323,-94,-94,1398,1367
5,42333,-94,-94,1393,1362
5,42343,-94,-94,1387,1358
5,42353,-91,-91,1382,1353
5,42363,-91,-91,1378,1348
5,42373,-86,-86,1373,1342
5,42383,-86,-86,1369,1337
5,42393,-80,-80,1363,1332
5,42403,-80,-80,1358,1326
5,42413,-74,-74,1354,1321
5,42423,-74,-74,1349,1316
5,42433,-67,-67,1343,1310
5,42443,-67,-67,1338,1304
5,42454,-59,-59,1332,1298
5,42464,-50,-50,1326,1292
5,42474,-50,-50,1320,1286
5,42484,-41,-41,1314,1280
5,42494,-41,-41,1308,1275
5,42504,-31,-31,1303,1269
5,42514,-31,-31,1297,1264
5,42524,-21,-21,1292,1258
5,42534,-21,-21,1286,1253
5,42544,-11,-11,1281,1248
5,42554,-11,-11,1276,1242
5,42564,0,0,1271,1237
5,42574,0,0,1266,1232
5,42584,9,9,1261,1227
5,42594,9,9,1257,1222
5,42604,9,9,1253,1218
5,42614,20,20,1249,1215
5,42624,30,30,1247,1211
5,42634,30,30,1244,1209
5,42644,40,40,1242,1207
5,42654,40,40,1241,1207
5,42664,49,49,1241,1206
5,42674,49,49,1241,1206
5,42684,58,58,1242,1207
5,42694,58,58,1242,1208
5,42704,66,66,1243,1209
5,42714,66,66,1244,1210
5,42724,73,73,1246,1212
5,42734,73,73,1247,1214
5,42744,80,80,1249,1216
5,42754,80,80,1251,1218
5,42764,80,80,1253,1222
5,42774,86,86,1256,1226
5,42784,86,86,1258,1229
5,42795,91,91,1261,1233
5,42805,95,95,1264,1236
5,42815,95,95,1268,1240
5,42825,97,97,1271,1246
5,42835,97,97,1275,1251
5,42845,99,99,1279,1255
5,42855,99,99,1283,1259
5,42865,100,100,1288,1263
5,42875,100,100,1293,1268
5,42885,99,99,1297,1272
5,42895,99,99,1302,1277
5,42905,97,97,1308,1283
5,42915,97,97,1313,1288
5,42925,94,94,1318,1293
5,42935,94,94,1323,1299
5,42945,91,91,1329,1305
5,42955,91,91,1335,1311
5,42966,86,86,1341,1317
5,42976,86,86,1346,1323
5,42986,80,80,1352,1329
5,42996,80,80,1358,1335
5,43006,73,73,1364,1341
5,43016,73,73,1370,1346
5,43026,65,65,1375,1352
5,43036,65,65,1381,1358
5,43046,57,57,1387,1365
5,43056,57,57,1393,1370
5,43066,48,48,1399,1376
5,43076,48,48,1404,1382
5,43086,38,38,1410,1388
5,43096,38,38,1415,1393
5,43106,28,28,1421,1398
5,43116,28,28,1426,1404
5,43126,17,17,1431,1409
5,43136,17,17,1436,1413
5,43146,7,7,1442,1418
5,43156,7,7,1446,1423
5,43166,-3,-3,1451,1427
5,43176,-3,-3,1456,1432
5,43186,-14,-14,1459,1436
5,43196,-14,-14,1463,1440
5,43206,-24,-24,1467,1443
5,43216,-24,-24,1470,1446
5,43226,-35,-35,1472,1448
5,43236,-35,-35,1474,1450
5,43246,-45,-45,1475,1451
5,43256,-45,-45,1476,1451
5,43266,-54,-54,1476,1451
5,43276,-54,-54,1476,1451
5,43286,-63,-63,1476,1450
5,43296,-63,-63,1475,1448
5,43307,-71,-71,1474,1446
5,43317,-71,-71,1473,1444
5,43327,-78,-78,1470,1441
5,43337,-78,-78,1468,1439
5,43347,-84,-84,1466,1436
5,43357,-84,-84,1465,1433
5,43367,-89,-89,1463,1429
5,43377,-89,-89,1459,1426
5,43387,-94,-94,1456,1422
5,43397,-94,-94,1452,1418
5,43407,-97,-97,1449,1414
5,43417,-97,-97,1445,1409
5,43427,-99,-99,1440,1404
5,43437,-99,-99,1436,1400
5,43447,-99,-99,1432,1396
5,43457,-99,-99,1427,1391
5,43467,-99,-99,1422,1386
5,43478,-99,-99,1417,1380
5,43488,-97,-97,1412,1375
5,43498,-97,-97,1407,1370
5,43508,-95,-95,1401,1367
5,43518,-95,-95,1397,1362
5,43528,-91,-91,1393,1357
5,43538,-91,-91,1388,1353
5,43548,-86,-86,1384,1349
5,43558,-86,-86,1379,1344
5,43568,-79,-79,1375,1340
5,43578,-79,-79,1371,1335
5,43588,-72,-72,1366,1331
5,43598,-72,-72,1361,1326
5,43608,-64,-64,1357,1321
5,43618,-64,-64,1352,1316
5,43628,-56,-56,1347,1311
5,43638,-56,-56,1342,1306
5,43648,-46,-46,1337,1301
5,43658,-46,-46,1332,1296
5,43668,-36,-36,1327,1290
5,43678,-36,-36,1322,1285
5,43688,-26,-26,1316,1279
5,43698,-26,-26,1311,1274
5,43708,-15,-15,1306,1269
5,43718,-15,-15,1301,1263
5,43728,-4,-4,1296,1258
5,43738,-4,-4,1291,1253
5,43748,6,6,1286,1248
5,43758,6,6,1281,1243
5,43768,17,17,1278,1238
5,43778,17,17,1274,1234
5,43788,28,28,1270,1230
5,43798,28,28,1269,1227
5,43808,39,39,1266,1225
5,43819,39,39,1264,1223
5,43829,49,49,1263,1223
5,43839,58,58,1263,1223
5,43849,58,58,1263,1224
5,43859,67,67,1264,1225
5,43869,67,67,1265,1227
5,43879,67,67,1267,1228
5,43889,75,75,1269,1231
5,43899,75,75,1271,1233
5,43909,81,81,1273,1235
5,43919,81,81,1276,1238
5,43929,87,87,1279,1241
5,43939,87,87,1281,1244
5,43949,92,92,1284,1247
5,43959,92,92,1288,1251
5,43969,96,96,1291,1255
5,43979,96,96,1294,1259
5,43990,98,98,1298,1263
5,44000,99,99,1302,1267
5,44010,99,99,1306,1272
5,44020,99,99,1311,1276
5,44030,99,99,1315,1281
5,44040,98,98,1321,1285
5,44050,98,98,1325,1290
5,44060,95,95,1330,1295
5,44070,95,95,1335,1300
5,44080,92,92,1340,1305
5,44090,92,92,1345,1311
5,44100,92,92,1351,1316
5,44110,87,87,1356,1322
5,44120,87,87,1361,1327
